{"mel_mean": -5.51702880859375, "mel_std": 2.064393997192383}